"exe_id","count(*)","sum(amount)"
"kongep02","130","650000.00"
"sittichokmed","15","150000.00"
"narongrit13094","15","150000.00"
"sittichokzaaz01","11","110000.00"
"wuttipandee43","10","100000.00"
"artkup8a","20","100000.00"
"arteieie","19","100000.00"
"nnbszone4001","6","60000.00"
"bankgaoxgy888","7","50600.00"
"satangnook","10","50000.00"
"raklxpidiot","10","50000.00"
"mrneng116","5","50000.00"
"jojza1594","10","50000.00"
"jimmyshop012","10","50000.00"
"basketkung18","9","50000.00"
"suriyakaizm","5","50000.00"
"phoomisit159","2","20000.00"
"johnnylaos2026","7","19000.00"
"popsoda02","16","16000.00"
"neiromaycry5","5","13050.00"
"pakamas081259","6","10890.00"
"naysilck","6","10000.00"
"spacexboy01","1","10000.00"
"bassileatw","1","10000.00"
"not0957543020","5","5000.00"
"skrrt1999","4","5000.00"
"fxrnkahfei","5","5000.00"
"0toybass890","4","2300.00"
"louiszakup007","3","2150.00"
"azzaqwertyu15","2","2000.00"
"asoojih","2","1300.00"
"poamza2545","4","1190.00"
"bspfalcon7","4","1150.00"
"armindy2568","2","1090.00"
"beboom7921","4","1050.00"
"brightxoxo","2","1050.00"
"sinpo500","1","1000.00"
"brightxoxo2","1","1000.00"
"brightxo","1","1000.00"
"pornajajub","1","1000.00"
"supermasternok","1","1000.00"
"nirantoo13","1","1000.00"
"donutnoii23","1","1000.00"
"narunat420","1","1000.00"
"emotion19","1","1000.00"
"ballpk5940","9","870.00"
"nirantoo12","2","800.00"
"fourgas4","2","800.00"
"arsgoetia","2","800.00"
"jrwyeen7410","10","750.00"
"0883030767zaq","3","650.00"
"husok888","6","650.00"
"eakkchai0053","2","600.00"
"pee01900204","5","580.00"
"nedudebl1","2","550.00"
"nongyeen1999","3","540.00"
"popomiy","3","540.00"
"sxrx302003","3","540.00"
"fordzaabtt","4","500.00"
"tumchatuphone","1","500.00"
"jamee2001","1","500.00"
"ipbosssy2","1","500.00"
"tuyzaba01","1","500.00"
"nuttawet","1","500.00"
"dlanko012","3","480.00"
"thanapad2026","2","450.00"
"mcr19xyy","3","390.00"
"supakornnot","3","350.00"
"nattarud31","2","350.00"
"jirawan2538","2","350.00"
"natmini123","2","350.00"
"nattarud30","2","350.00"
"sumo350rs","2","350.00"
"tumstory1996","2","350.00"
"imew008","1","300.00"
"asus30","1","300.00"
"chokchai017","1","300.00"
"nattapon152541","1","300.00"
"zidore789","1","300.00"
"lovesaza8","1","300.00"
"artkup05","1","300.00"
"zoneexe007","1","300.00"
"tugtaboy","1","300.00"
"panarin1","1","300.00"
"asus09","1","300.00"
"jimmyindy002","1","300.00"
"thailind258","1","300.00"
"imew006","1","300.00"
"asus04","1","300.00"
"thenan2522","1","300.00"
"imew007","1","300.00"
"asus29","1","300.00"
"chokchai018","1","300.00"
"doedoe159","1","300.00"
"jimmyindy003","1","300.00"
"mewlovely","1","300.00"
"guoumarr","1","300.00"
"beerzazazsss2","1","300.00"
"0967787657za","1","300.00"
"asus08","1","300.00"
"theluy5679","1","300.00"
"tong00727","1","300.00"
"fourgas3","1","300.00"
"imew005","1","300.00"
"asus03","1","300.00"
"asus28","1","300.00"
"chokchai019","1","300.00"
"nunjimmy002","1","300.00"
"mazeze149","1","300.00"
"nongteer3815","1","300.00"
"malison20","1","300.00"
"panarin5","1","300.00"
"luxaod06699","1","300.00"
"asus07","1","300.00"
"doe159","1","300.00"
"aunjadsada1999","1","300.00"
"imew10","1","300.00"
"gotzaza969","1","300.00"
"thenan2523","1","300.00"
"fourgas2","1","300.00"
"imew004","1","300.00"
"asus02","1","300.00"
"zone4exe001","1","300.00"
"asus27","1","300.00"
"jukkru22","1","300.00"
"nunjimmy001","1","300.00"
"filmpanuwat2","1","300.00"
"ittipon02538","1","300.00"
"panarin3","1","300.00"
"asus06","1","300.00"
"imew009","1","300.00"
"asus31","1","300.00"
"whynotx","1","300.00"
"weerapong210","1","300.00"
"nuntawatzz","1","300.00"
"pornchaibass0","1","300.00"
"fourgas1","1","300.00"
"imew003","1","300.00"
"artkup006","1","300.00"
"tro17283","1","300.00"
"asus26","1","300.00"
"imew001","1","300.00"
"sontaya13","1","300.00"
"panarin2","1","300.00"
"asus05","1","300.00"
"pong1230071","1","300.00"
"putdf1234","3","290.00"
"babeeqza2014","3","250.00"
"sasawatfin56","5","250.00"
"fghjkl001","3","250.00"
"myanmar2951","2","240.00"
"song0903582070","2","200.00"
"man080274","2","200.00"
"mantongba2","2","200.00"
"ohrun123","2","200.00"
"bbboy1150","2","200.00"
"sarunyoo11799","3","190.00"
"jamesmai12","2","180.00"
"beemmixzzlove1","1","150.00"
"bank2624","1","150.00"
"theppatjtp17","1","150.00"
"facezxc46","1","150.00"
"shadowstepx","1","150.00"
"theangelteam04","1","150.00"
"kiriyama6","1","150.00"
"pkpetch15","1","150.00"
"santadearx69","1","150.00"
"theangelteam03","1","150.00"
"man080275","1","150.00"
"kiriyama5","1","150.00"
"popjazz1123","1","150.00"
"00armza001","3","150.00"
"onakagg123","1","150.00"
"tankung040841","1","150.00"
"sparkwannajak42","1","150.00"
"lookom33","1","150.00"
"theangelteam01","1","150.00"
"kiriyama4","1","150.00"
"romantickubzaza","1","150.00"
"arahan2020","1","150.00"
"stepmomsis69","1","150.00"
"jji4560","1","150.00"
"bspfalcon1","1","150.00"
"thanawat6969","1","150.00"
"oumza11550","2","140.00"
"fluksipwon1","2","140.00"
"nawat1997","2","140.00"
"babas5532","2","140.00"
"lookom35","2","140.00"
"zajuneza1253","2","100.00"
"walker2710","2","100.00"
"chatuphonexd","2","100.00"
"teybaabo","2","100.00"
"teybaabo2","2","100.00"
"fluksipwon2","2","100.00"
"azx254512azx","1","90.00"
"new117826","1","90.00"
"inazuma418","1","90.00"
"pkacademy","1","90.00"
"ausneeat","1","90.00"
"man080273","1","90.00"
"man080272","1","90.00"
"ariyawat2543","1","90.00"
"tongtangza2542","1","90.00"
"nongteer123","1","90.00"
"skymomo2531","1","90.00"
"man080271","1","90.00"
"exe404","1","90.00"
"peter2541","1","90.00"
"jnonnnnn","1","50.00"
"putsmile03","1","50.00"
"zalovezeroza11","1","50.00"
"aszxcd31170z","1","50.00"
"fluksipwon4","1","50.00"
"douxero","1","50.00"
"suthiraj","1","50.00"
"bigeam006","1","50.00"
"gutorzaa90","1","50.00"
"natchaponboss","1","50.00"
"koni3008","1","50.00"
"wwww4w","1","50.00"
"bsxszpj22","1","50.00"
"kritsada461","1","50.00"
"lovesefezaq03","1","50.00"
"rrrr4r","1","50.00"
"one2527","1","50.00"
"greedisgood973","1","50.00"
"icetd749","1","50.00"
"zalovezeroza1","1","50.00"
"bigeam007","1","50.00"
"tumchatuphon1139","1","50.00"
"nongmung","1","50.00"
"addminzone4","1","50.00"
"allfatherscp001","1","50.00"
"danunai9","1","50.00"
"rickza05","1","50.00"
"douxerolol","1","50.00"
"haihaci007","1","50.00"
"vitinha444","1","50.00"
"kritsada459","1","50.00"
"moslnwza001","1","50.00"
"pppp4p","1","50.00"
"chozaaa02","1","50.00"
"pittay012369","1","50.00"
"zalovezeroza","1","50.00"
"younaiza2026","1","50.00"
"sattwat2543","1","50.00"
"bigeam009","1","50.00"
"pp2boi2540","1","50.00"
"zidarn18x","1","50.00"
"erishnikov","1","50.00"
"rickza08","1","50.00"
"gzza1234","1","50.00"
"jaraweekornm8","1","50.00"
"kritsada460","1","50.00"
"kornpol27","1","50.00"
"nottt0957543020","1","50.00"
"fluksipwon3","1","50.00"
"pittay001234","1","50.00"
"today5526","1","50.00"
"anime101","1","50.00"
"bigeam008","1","50.00"
"teilsang8996","1","50.00"
"boyaas7777","1","50.00"
"tumchatuphon2539","1","50.00"
"zalovezeroza111","1","50.00"
"fluksipwon5","1","50.00"
"man080270","1","50.00"
"nott0957543020","1","50.00"
"pittay0012345","1","50.00"
"horikyoko","1","50.00"
"ntwswjrsm3","1","50.00"
